city,country,state_abbrev
ALBUQUERQUE,United States,NM
ARLINGTON,United States,TX
AUSTIN,United States,TX
Abbeville,United States,AL
Aberdeen,United States,ID
Aberdeen Proving Ground,United States,MD
Abilene,United States,KS
Abingdon,United States,IL
Acton,United States,CA
Acushnet,United States,MA
Addison,United States,AL
Adel,United States,GA
Adelanto,United States,CA
Agoura,United States,
Agoura Hills,United States,CA
Aiea,United States,HI
Aiken,United States,SC
Alamo,United States,CA
Albany,United States,CA
Albion,United States,CA
Albuquerque,United States,NM
"Albuquerque,",United States,NM
Alexandria,United States,AL
Alhambra,United States,CA
Aliso Viejo,United States,CA
Allen,United States,KS
Allentown,United States,GA
Allison Park,United States,PA
Alpharetta,United States,GA
Alta Loma,United States,
Altadena,United States,CA
Altamont,United States,IL
Altamonte Springs,United States,FL
Altoona,United States,AL
Alvin,United States,IL
Amesbury,United States,MA
Amherst,United States,CO
"Amherst, NY",United States,
Anacortes,United States,WA
Anaheim,United States,CA
Anchorage,United States,AK
Anderson,United States,AK
Andover,United States,CT
Ann Arbor,United States,MI
Annandale,United States,MN
Annapolis,United States,CA
Annapolis Junction,United States,MD
Apex,United States,NC
Apollo Beach,United States,FL
Apopka,United States,FL
Apple Valley,United States,CA
Appleton,United States,MN
Aptos,United States,CA
Arcadia,United States,CA
Ardmore,United States,AL
Arlington,United States,TX
Arlington Heights,United States,IL
Armonk,United States,NY
Arnold,United States,CA
Arroyo Grande,United States,CA
Arvada,United States,CO
Arvin,United States,CA
Ashburn,United States,GA
Asheboro,United States,NC
Asheville,United States,NC
Ashland,United States,AL
Aspen,United States,CO
Astoria,United States,IL
Atlanta,United States,GA
Attleboro,United States,MA
Auberry,United States,CA
Auburn,United States,AL
Auburndale,United States,FL
Augusta,United States,AR
Aurora,United States,CO
Austin,United States,TX
Avalon,United States,CA
Aventura,United States,
Avon,United States,CO
Avon Park,United States,FL
Avondale,United States,AZ
Avondale Estates,United States,GA
Ayer,United States,MA
BALTIMORE,United States,MD
Baileys Xrds,United States,
Bainbridge Island,United States,WA
Bakersfield,United States,CA
Bal Harbour,United States,
Balch Springs,United States,TX
Baldwin,United States,GA
Baldwin Park,United States,CA
Ballwin,United States,MO
Baltimore,United States,MD
Banks,United States,AL
Banning,United States,CA
Barrington,United States,IL
Barstow,United States,CA
Bastrop,United States,LA
Batavia,United States,IA
Baton Rouge,United States,LA
Bay Shore,United States,MI
Bayside,United States,CA
Beaufort,United States,MO
Beaumont,United States,CA
Beaver Dam,United States,KY
Beavercreek,United States,OR
Beaverton,United States,AL
Beckley,United States,WV
Bedford,United States,IA
Bel Air,United States,MD
Bell,United States,CA
Bellaire,United States,MI
Belleville,United States,AR
Bellevue,United States,IA
Bellflower,United States,CA
Bellmore,United States,IN
Belmont,United States,CA
Beloit,United States,KS
Belton,United States,KY
Beltsville,United States,MD
Bend,United States,OR
Benicia,United States,CA
Bensenville,United States,IL
Bentonville,United States,AR
Berkeley,United States,CA
Berlin,United States,CT
Berryville,United States,AR
Berwyn,United States,IL
Bessemer,United States,AL
Bethesda,United States,MD
Bethlehem,United States,CT
Bettendorf,United States,IA
Beverly,United States,KS
Beverly Hills,United States,CA
Billerica,United States,MA
Billings,United States,MO
Bingham Farms,United States,
Birmingham,United States,AL
Bishop,United States,CA
Bismarck,United States,AR
Blacksburg,United States,SC
Blaine,United States,KY
Blairsville,United States,GA
Bloomingdale,United States,GA
Bloomington,United States,CA
Blue Ash,United States,
Blue Bell,United States,PA
Blue Springs,United States,MO
Bluefield,United States,VA
Bluffton,United States,AR
Blythe,United States,CA
Boca Raton,United States,FL
Bogalusa,United States,LA
Bohemia,United States,NY
Boiling Springs,United States,NC
Boise,United States,ID
Bolingbrook,United States,IL
Bonita Springs,United States,FL
Boone,United States,CO
Boonton,United States,NJ
Bossier City,United States,LA
Boston,United States,MA
Bothell,United States,WA
Boulder,United States,CO
Boulder City,United States,NV
Bowie,United States,AZ
Bowling Green,United States,FL
Boyertown,United States,PA
Boynton Beach,United States,FL
Bozeman,United States,MT
Bradenton,United States,FL
Braintree,United States,MA
Brandon,United States,FL
Branford,United States,CT
Brawley,United States,CA
Brea,United States,CA
Brentwood,United States,CA
Brevard,United States,NC
Brick,United States,NJ
Bridgehampton,United States,NY
Bridgeville,United States,CA
Bridgewater,United States,CT
Brighton,United States,CO
Bristow,United States,IA
Brockton,United States,MA
Bronx,United States,NY
Bronxville,United States,NY
Brookfield,United States,CT
Brookhaven,United States,MS
Brookline,United States,MA
Brooklyn,United States,AL
Brooklyn Center,United States,
Brooklyn Park,United States,
Broomfield,United States,CO
Brownsville,United States,CA
Brunswick,United States,GA
Bryn Mawr,United States,CA
Buena Park,United States,CA
Buffalo,United States,IA
Buffalo Grove,United States,IL
Buford,United States,GA
Bunkie,United States,LA
Burbank,United States,CA
Burlingame,United States,CA
Burlington,United States,CO
Burney,United States,CA
Burnsville,United States,MN
Burr Ridge,United States,
Burtonsville,United States,MD
Butler,United States,AL
CANOGA PARK,United States,CA
COLORADO SPRINGS,United States,CO
COLUMBUS,United States,OH
Caldwell,United States,AR
Caledonia,United States,IL
Calexico,United States,CA
California,United States,KY
Callahan,United States,CA
Calumet City,United States,IL
Camarillo,United States,CA
Cambridge,United States,IA
Camp Hill,United States,AL
Camp Springs,United States,
Campbell,United States,AL
Canby,United States,CA
Candor,United States,NC
Canoga Park,United States,CA
Cape Canaveral,United States,FL
Cape Coral,United States,FL
Capistrano Beach,United States,CA
Capitola,United States,CA
Carle Place,United States,NY
Carlsbad,United States,CA
Carlstadt,United States,NJ
Carmel,United States,CA
Carol Stream,United States,IL
Carolina Beach,United States,NC
Carpentersville,United States,IL
Carpinteria,United States,CA
Carrabelle,United States,FL
Carrollton,United States,AL
Carson,United States,CA
Carson City,United States,MI
Cartersville,United States,GA
Cary,United States,IL
Cashiers,United States,NC
Casper,United States,WY
Castle Hayne,United States,NC
Castle Rock,United States,CO
Castro Valley,United States,CA
Cathedral City,United States,CA
Cedar Grove,United States,IN
Cedar Hill,United States,MO
Cedar Park,United States,TX
Cedar Rapids,United States,IA
Cedarburg,United States,WI
Cedarhurst,United States,NY
Celebration,United States,
Centennial,United States,WY
Center Harbor or Moultenboro,United States,
Centerville,United States,AR
Ceres,United States,CA
Cerritos,United States,CA
Chalmette,United States,LA
Chambersburg,United States,IL
Chamblee,United States,
Champlin,United States,MN
Chandler,United States,AZ
Chanhassen,United States,MN
Channahon,United States,IL
Chantilly,United States,VA
Chapel Hill,United States,NC
Chapin,United States,IA
Charles Town,United States,WV
Charleston,United States,AR
Charlestown,United States,IN
Charlotte,United States,NC
Charlottesville,United States,IN
Chatsworth,United States,CA
Chattanooga,United States,OK
Cheektowaga,United States,
Chelmsford,United States,MA
Chelsea,United States,AL
Cheraw,United States,CO
Cherry Hill,United States,NJ
Chesapeake,United States,OH
Chester,United States,AR
"Chester, VA 23836",United States,
Chesterfield,United States,IL
Chestnut Hill,United States,MA
Chevy Chase,United States,MD
Cheyenne,United States,OK
Chicago,United States,IL
Chicago Heights,United States,IL
Chicago Ridge,United States,IL
Chicopee,United States,MA
Chilton,United States,TX
Chino,United States,CA
Chippewa Falls,United States,WI
Christiansburg,United States,OH
Chubbuck,United States,
Chula Vista,United States,CA
Cincinnati,United States,OH
Cinnaminson,United States,
City of Industry,United States,CA
Clackamas,United States,OR
Claremont,United States,CA
Clark,United States,CO
Clarksburg,United States,CA
Clarksville,United States,AR
Clayton,United States,AL
Clearfield,United States,IA
Clearwater,United States,FL
Clemson,United States,SC
Clermont,United States,FL
Cleveland,United States,OH
Clifton,United States,AZ
Clifton Park,United States,NY
Clinton,United States,AL
Clintwood,United States,VA
Clovis,United States,CA
Clyde,United States,KS
Coachella,United States,CA
Cockeysville,United States,MD
Cocoa,United States,FL
Cocoa Beach,United States,FL
Coconut Creek,United States,FL
Coconut Grove,United States,
Coeur d Alene,United States,ID
College Park,United States,MD
College Station,United States,AR
Collinsville,United States,AL
Colorado Springs,United States,CO
Columbia,United States,AL
Columbus,United States,OH
Commack,United States,NY
Commerce,United States,GA
Compton,United States,AR
Concord,United States,AR
Connellsville,United States,PA
Connersville,United States,IN
Conshohocken,United States,PA
Conyers,United States,GA
Cookeville,United States,TN
Coon Rapids,United States,IA
Cooper City,United States,
Coppell,United States,TX
Coral Gables,United States,FL
Coral Springs,United States,FL
Coralville,United States,IA
Cordova,United States,AK
Cornelius,United States,NC
Corona,United States,CA
Corona Del Mar,United States,CA
Coronado,United States,CA
Corpus Christi,United States,TX
Corte Madera,United States,CA
Corvallis,United States,MT
Corydon,United States,IA
Costa Mesa,United States,CA
Cottonwood Heights,United States,
Country Club Hills,United States,IL
Covina,United States,CA
Covington,United States,GA
Cranberry,United States,PA
Cranberry Township,United States,
Crane,United States,IN
Cranston,United States,RI
Crawfordville,United States,FL
Cresskill,United States,NJ
Crestwood,United States,KY
Crete,United States,IL
Creve Coeur,United States,IL
Cross Lanes,United States,
Crystal,United States,MI
Crystal Lake,United States,IA
Crystal River,United States,FL
Cudahy,United States,WI
Culpeper,United States,VA
Culver City,United States,CA
Cumberland,United States,IA
Cumming,United States,GA
Cupertino,United States,CA
Curtis Bay,United States,MD
Cut Off,United States,LA
Cypress,United States,CA
DALLAS,United States,TX
Dacula,United States,GA
Daggett,United States,CA
Dahlonega,United States,GA
Dallas,United States,TX
Dalton,United States,GA
Daly City,United States,CA
Dana Point,United States,CA
Danbury,United States,CT
"Danbury, CT",United States,
Dania Beach,United States,
Danvers,United States,IL
Danville,United States,AL
Davenport,United States,CA
Davidson,United States,NC
Davis,United States,CA
Dawsonville,United States,GA
Dayton,United States,IA
Daytona Beach,United States,FL
De Pere,United States,WI
Decatur,United States,AL
Dededo,United States,GU
Dedham,United States,IA
Deer Park,United States,AL
Deer Valley,United States,
Deerfield Beach,United States,FL
Del Mar,United States,CA
Delafield,United States,WI
Deland,United States,FL
Delray Beach,United States,FL
Denham Springs,United States,LA
Denver,United States,CO
Derby,United States,CT
Derwood,United States,MD
Des Moines,United States,IA
Des Plaines,United States,IL
Desoto,United States,TX
Destrehan,United States,LA
Detroit,United States,MI
Devens,United States,MA
Dewitt,United States,IL
Diamond Bar,United States,CA
Dobbs Ferry,United States,NY
Dobson,United States,NC
Doral,United States,
Dorchester,United States,IA
Douglasville,United States,GA
Dover,United States,AR
Downers Grove,United States,IL
Downey,United States,CA
Dracut,United States,MA
Draper,United States,SD
Drexel Hill,United States,PA
Dry Ridge,United States,KY
Duarte,United States,CA
Dublin,United States,CA
Ducor,United States,CA
Duluth,United States,GA
Duncan,United States,AZ
Dundalk,United States,MD
Dunn,United States,NC
Dunnellon,United States,FL
Durham,United States,CA
Duvall,United States,WA
Eagan,United States,TN
Eagle,United States,AK
Earth City,United States,MO
Easley,United States,SC
East Boston,United States,MA
East Brunswick,United States,NJ
East Hartford,United States,CT
East Lansing,United States,MI
East Meadow,United States,NY
East Palo Alto,United States,
East Pittsburgh,United States,PA
East Point,United States,KY
East Syracuse,United States,NY
Easton,United States,CT
Eastvale,United States,
Eau Claire,United States,MI
Eden Prairie,United States,MN
Edgard,United States,LA
Edgewood,United States,IA
Edina,United States,MO
Edison,United States,CA
Edmond,United States,OK
Edmonds,United States,WA
Egg Harbor Township,United States,NJ
El Cajon,United States,CA
El Centro,United States,CA
El Dorado Hills,United States,CA
El Paso,United States,AR
El Segundo,United States,CA
Eldersburg,United States,
Elgin,United States,AZ
Elizabeth,United States,AR
Elizabeth City,United States,NC
Elk Grove,United States,CA
Elk Grove Village,United States,IL
Elk River,United States,ID
Elkridge,United States,MD
Elkton,United States,FL
Ellenton,United States,FL
Ellenwood,United States,GA
Ellicott City,United States,MD
Ellisville,United States,IL
Elmhurst,United States,IL
Emeryville,United States,CA
Emmaus,United States,PA
Encinitas,United States,CA
Encino,United States,CA
Endicott,United States,NE
Enfield,United States,CT
Englewood,United States,CO
Enterprise,United States,AL
Erie,United States,CO
Erlanger,United States,KY
Escondido,United States,CA
Essex Junction,United States,VT
Etters,United States,PA
Eugene,United States,MO
Euless,United States,TX
Evans,United States,CO
Evanston,United States,IL
Everett,United States,MA
Ewing,United States,IL
Excelsior,United States,MN
Excelsior Springs,United States,MO
Exton,United States,PA
Fairfax,United States,CA
Fairfield,United States,AL
Fairhaven,United States,MA
Fairhope,United States,AL
Fairmont,United States,MN
Fairport,United States,NY
Fairview Heights,United States,IL
Fall River,United States,KS
Falls Church,United States,VA
Fargo,United States,GA
Farmers Branch,United States,
Farmingdale,United States,ME
Farmington,United States,AR
Fayetteville,United States,AR
Federal Way,United States,WA
Fenton,United States,IA
Fernandina Beach,United States,FL
Fillmore,United States,CA
Fishkill,United States,NY
Fishsersville,United States,
Fitchburg,United States,MA
Flagler Beach,United States,FL
Flagstaff,United States,AZ
Flint,United States,MI
Florence,United States,AL
Florham Park,United States,NJ
Florissant,United States,CO
Flower Mound,United States,TX
Flushing,United States,MI
Folsom,United States,CA
Fontana,United States,CA
Foothill Ranch,United States,CA
Forest,United States,IN
Forest Lake,United States,MN
Forest Park,United States,GA
Forestdale,United States,MA
Forestville,United States,CA
Fort Bragg,United States,CA
Fort Collins,United States,CO
Fort Lauderdale,United States,FL
Fort Lee,United States,NJ
Fort Mill,United States,SC
Fort Myers,United States,FL
Fort Smith,United States,AR
Fort Walton Beach,United States,FL
Fort Worth,United States,TX
Foster City,United States,MI
Fountain Hills,United States,AZ
Fountain Valley,United States,CA
Foxborough,United States,
Framingham,United States,MA
Frankfort,United States,IL
Franklin,United States,AL
Franklin Lakes,United States,NJ
Franklin Park,United States,IL
Franklinville,United States,NC
Frederick,United States,CO
Fredericksburg,United States,IA
Fredericktown,United States,MO
Fremont,United States,CA
Fresh Meadows,United States,NY
Fresno,United States,CA
Friendswood,United States,TX
Frisco,United States,CO
Frontenac,United States,KS
Fruitland Park,United States,FL
Ft Lauderdale,United States,
Ft Worth,United States,
Fullerton,United States,CA
Fulton,United States,AL
Fuquay Varina,United States,NC
Gainesville,United States,AL
Gaithersburg,United States,MD
Gallatin,United States,MO
Galt,United States,CA
Galveston,United States,IN
Gambrills,United States,MD
Garden City,United States,AL
Garden City Park,United States,
Garden Grove,United States,CA
Gardena,United States,CA
Garland,United States,KS
Garner,United States,AR
Gastonia,United States,NC
Geneva,United States,AL
Georgetown,United States,CA
Germantown,United States,IL
Gilbert,United States,AR
Gilroy,United States,CA
Glastonbury,United States,CT
Glen Allen,United States,AL
Glen Burnie,United States,MD
Glen Cove,United States,ME
Glen Mills,United States,PA
Glen Oaks,United States,NY
Glendale,United States,AZ
Glendora,United States,CA
Glenview,United States,IL
Gold River,United States,
Golden,United States,CO
Golden Valley,United States,AZ
Goldenrod,United States,FL
Goldsboro,United States,MD
Goleta,United States,CA
Gonzales,United States,CA
Goodlettsville,United States,TN
Goodyear,United States,AZ
Granada Hills,United States,CA
Granby,United States,CO
Grand Junction,United States,CO
Grand Prairie,United States,TX
Grand Rapids,United States,MI
Grand Terrace,United States,CA
Grandview,United States,IA
Grapevine,United States,AR
Grass Valley,United States,CA
Grayslake,United States,IL
Great Neck,United States,NY
Greeley,United States,CO
Green Bay,United States,VA
Greenbelt,United States,MD
Greencastle,United States,IN
Greendale,United States,WI
Greenfield,United States,CA
Greenlawn,United States,NY
Greensboro,United States,AL
Greensburg,United States,IN
Greenville,United States,AL
Greenwich,United States,CT
Greenwood,United States,AR
Greenwood Village,United States,
Greer,United States,AZ
Gridley,United States,CA
Griffin,United States,GA
Groveland,United States,CA
Groveport,United States,OH
Grover Beach,United States,CA
Guerneville,United States,CA
Gulf Breeze,United States,FL
Gulfport,United States,MS
HOUSTON,United States,TX
Hacienda Heights,United States,CA
Hackensack,United States,MN
Hagerstown,United States,IN
Hailey,United States,ID
Haines City,United States,FL
Halethorpe,United States,MD
Half Moon Bay,United States,CA
Halifax,United States,MA
Hallandale,United States,FL
Hallandale Beach,United States,
Hamilton,United States,AL
Hamlet,United States,IN
Hammond,United States,IL
Hampton,United States,AR
Hanahan,United States,SC
Hanford,United States,CA
Hanover,United States,CT
Hanover Park,United States,IL
Harker Heights,United States,TX
Harlingen,United States,TX
Harmans,United States,MD
Harrisburg,United States,AR
Harrison,United States,AR
Hartford,United States,AL
Hartland,United States,ME
Hartsville,United States,IN
Harvey,United States,AR
Hato Rey,United States,
Hattiesburg,United States,MS
Hauppauge,United States,NY
Haverhill,United States,IA
Hawaiian Gardens,United States,CA
Hayward,United States,CA
Hazelwood,United States,MO
Healdsburg,United States,CA
Hebron,United States,CT
Helena,United States,AL
Hemet,United States,CA
Hempstead,United States,NY
Henderson,United States,NV
Hendersonville,United States,NC
Henrico,United States,NC
Hermitage,United States,AR
Herndon,United States,KS
Hershey,United States,NE
Hesperia,United States,CA
Hewlett,United States,NY
Hialeah,United States,FL
Hialeah Gardens,United States,
Hiawatha,United States,IA
Hickory,United States,KY
Hickory Hills,United States,IL
Hicksville,United States,NY
High Point,United States,MO
Highland,United States,CA
Highland Park,United States,IL
Highlands,United States,NC
Highlands Ranch,United States,
Hilliard,United States,FL
Hillsboro,United States,AL
Hillsville,United States,PA
Hilo,United States,HI
Hilton Head Island,United States,SC
Hingham,United States,MA
Hinsdale,United States,IL
Hiram,United States,GA
Hixson,United States,TN
Hoboken,United States,GA
Hodges,United States,AL
Hoffman Estates,United States,IL
Holbrook,United States,AZ
Holden,United States,LA
Holladay,United States,TN
Hollister,United States,CA
Holly Springs,United States,GA
Hollywood,United States,AL
Holmdel,United States,NJ
Holt,United States,CA
Holtsville,United States,NY
Homestead,United States,FL
Homewood,United States,CA
Honolulu,United States,HI
Hoover,United States,
Hopatcong,United States,NJ
Hopkins,United States,MI
Horsham,United States,PA
Hot Springs,United States,MT
Houma,United States,LA
Houston,United States,TX
Howard Beach,United States,NY
Howell,United States,MI
Humble,United States,TX
Hunker,United States,PA
Hunt Valley,United States,MD
Hunt Vally,United States,
Huntersville,United States,NC
Huntington,United States,AR
Huntington Beach,United States,CA
Huntington Park,United States,CA
Huntington Station,United States,NY
Huntley,United States,IL
Huntsville,United States,AL
Hurricane,United States,UT
Hyattsville,United States,MD
Idaho Falls,United States,ID
Idyllwild,United States,CA
Immokalee,United States,FL
Independence,United States,CA
Indian Land,United States,
Indian Trail,United States,NC
Indian Wells,United States,AZ
Indiana,United States,PA
Indianapolis,United States,IN
Indianland,United States,
Indio,United States,CA
Ingleside,United States,IL
Inglewood,United States,CA
Inglis,United States,FL
Inman,United States,KS
Intercession City,United States,FL
Inverness,United States,CA
Inyokern,United States,CA
Irmo,United States,SC
Irvine,United States,CA
Irving,United States,IL
Irwindale,United States,
Iselin,United States,NJ
Islip,United States,NY
Issaquah,United States,WA
Itasca,United States,IL
JACKSONVILLE,United States,FL
Jackson,United States,AL
Jackson Heights,United States,NY
Jacksonville,United States,FL
Jamaica,United States,IA
Janesville,United States,CA
Jefferson City,United States,MO
Jeffersonville,United States,GA
Jennings,United States,FL
Jericho,United States,NY
Jersey City,United States,NJ
Johns Creek,United States,
Johns Island,United States,SC
Johnston,United States,IA
Johnstown,United States,CO
Joliet,United States,IL
Jonesville,United States,IN
Juncos,United States,PR
Juneau,United States,AK
Jupiter,United States,FL
Kansas City,United States,MO
Katy,United States,TX
Keams Canyon,United States,AZ
Kennebunk,United States,ME
Kenner,United States,LA
Kennesaw,United States,GA
Kennewick,United States,WA
Kenosha,United States,WI
Kensington,United States,KS
Kent,United States,AL
Kernersville,United States,NC
Ketchum,United States,ID
Key Largo,United States,FL
Kill Devil Hills,United States,NC
Killeen,United States,TX
King,United States,NC
King of Prussia,United States,PA
Kings Mountain,United States,KY
Kingstree,United States,SC
Kingwood,United States,TX
Kinston,United States,AL
Kirkland,United States,AZ
Kissimmee,United States,FL
Knoxville,United States,AL
Kokomo,United States,IN
Kyle,United States,SD
LA,United States,CA
LOS ANGELES,United States,CA
La Canada Flintridge,United States,CA
La Crescenta,United States,CA
La Crosse,United States,FL
La Grange,United States,AR
La Habra,United States,CA
La Jolla,United States,CA
La Mesa,United States,CA
La Mirada,United States,CA
La Palma,United States,CA
La Puente,United States,CA
La Quinta,United States,CA
La Verne,United States,CA
LaPlace,United States,
Labadieville,United States,LA
Ladera Ranch,United States,CA
Ladson,United States,SC
Lafayette,United States,AL
Laguna Beach,United States,CA
Laguna Hills,United States,CA
Laguna Niguel,United States,CA
Lake Arrowhead,United States,CA
Lake Buena Vista,United States,
Lake Charles,United States,LA
Lake Elmo,United States,MN
Lake Elsinore,United States,CA
Lake Forest,United States,CA
Lake Grove,United States,NY
Lake Havasu City,United States,AZ
Lake Isabella,United States,CA
Lake Jackson,United States,TX
Lake Mary,United States,FL
Lake Oswego,United States,OR
Lake Park,United States,GA
Lake Placid,United States,FL
Lake Providence,United States,LA
Lake Stevens,United States,WA
Lake Success,United States,
Lake Wales,United States,FL
Lake Worth,United States,FL
Lake Wylie,United States,
Lake Zurich,United States,IL
Lakeland,United States,FL
Lakeside,United States,AZ
Lakeville,United States,CT
Lakewood,United States,CA
Lakewood Ranch,United States,
Lakewoood,United States,
Lambertville,United States,MI
Lancaster,United States,CA
Langhorne,United States,PA
Lanham,United States,MD
Lansing,United States,IA
Laredo,United States,MO
Largo,United States,FL
Larkspur,United States,CA
Las Cruces,United States,NM
Las Vegas,United States,NV
Latham,United States,IL
Lathrop,United States,CA
Lauderdale Lakes,United States,
Lauderhill,United States,
Laurel,United States,DE
Laurens,United States,IA
Lavonia,United States,GA
Lawndale,United States,CA
Lawrence,United States,KS
Lawrenceville,United States,GA
Lawton,United States,IA
Layton,United States,NJ
League City,United States,TX
Leawood,United States,KS
Lebanon,United States,CT
Leeds,United States,AL
Lees Summit,United States,MO
Leesburg,United States,AL
Lehi,United States,UT
Lehigh Acres,United States,FL
Leland,United States,IA
Lemon Grove,United States,CA
Lenexa,United States,KS
Lenoir,United States,NC
Leominster,United States,MA
Leonardtown,United States,MD
Letrobe,United States,
Levittown,United States,NY
Lewisville,United States,AR
Lexington,United States,KY
Liberty,United States,IL
Liberty Twp,United States,
Lihue,United States,HI
Lilburn,United States,GA
Lima,United States,IL
Lincoln,United States,AL
Lincoln City,United States,IN
Lincolnshire,United States,IL
Lincolnton,United States,GA
Lincolnwood,United States,IL
Linden,United States,AL
Lindenhurst,United States,NY
Lino Lakes,United States,
Linthicum,United States,
Lisle,United States,IL
Litchfield Park,United States,AZ
Lithia,United States,FL
Lithonia,United States,GA
Little Falls,United States,MN
Little River,United States,AL
Little Rock,United States,AR
Little Silver,United States,NJ
Littleton,United States,CO
Live Oak,United States,CA
Livermore,United States,CA
Liverpool,United States,IL
Livingston,United States,AL
Lodi,United States,CA
Logan,United States,AL
Loganville,United States,GA
Loma Linda,United States,CA
Lombard,United States,IL
London,United States,AR
Lone Tree,United States,CO
Long Beach,United States,CA
Longboat Key,United States,FL
Longmont,United States,CO
Longwood,United States,FL
Loris,United States,SC
Lorton,United States,NE
Los Alamitos,United States,CA
Los Altos,United States,CA
Los Angeles,United States,CA
Los Banos,United States,CA
Los Gatos,United States,CA
Los angeles,United States,CA
Loudon,United States,NH
Louisburg,United States,KS
Louisville,United States,KY
Loveland,United States,CO
Lowell,United States,AR
Lubbock,United States,TX
Lugoff,United States,SC
Luling,United States,LA
Lumberton,United States,MS
Lutz,United States,FL
Lynbrook,United States,NY
Lynchburg,United States,MO
Lynn,United States,AL
Lynnfield,United States,MA
Lynnwood,United States,WA
MIAMI BEACH,United States,FL
Mableton,United States,GA
Machesney Park,United States,IL
Madera,United States,CA
Madison,United States,AL
Madisonville,United States,KY
Mahwah,United States,NJ
Maiden,United States,NC
Maitland,United States,FL
Malden,United States,IL
Malvern,United States,AL
Mammoth Lakes,United States,CA
Manalapan,United States,
Manassas,United States,GA
Manchester,United States,CA
Mandeville,United States,LA
Manhattan Beach,United States,CA
Manning,United States,IA
Manomet,United States,MA
Mansfield,United States,AR
Manteca,United States,CA
Maple Grove,United States,
Maple Valley,United States,WA
Maplewood,United States,NJ
Marathon,United States,FL
Margate,United States,FL
Marianna,United States,AR
Maricopa,United States,AZ
Marietta,United States,GA
Marina,United States,CA
Marina del Rey,United States,CA
Marion,United States,AL
Marksville,United States,LA
Marlborough,United States,CT
Marlton,United States,NJ
Marrero,United States,LA
Marshall,United States,AK
Marshfield,United States,MA
Marshville,United States,NC
Martinez,United States,CA
Martinsburg,United States,IA
Martinsville,United States,IL
Marysville,United States,CA
Mashpee,United States,MA
Mason,United States,IL
Massapequa Park,United States,NY
Matawan,United States,NJ
Matteson,United States,IL
Matthews,United States,GA
Mattituck,United States,NY
Mattoon,United States,IL
Maxton,United States,NC
Mayville,United States,MI
Maywood,United States,CA
Mc Lean,United States,IL
McDonough,United States,GA
McHenry,United States,IL
McKinney,United States,TX
McLean,United States,NE
Mclean,United States,NE
Mebane,United States,NC
Mechanicsburg,United States,IL
Mechanicsville,United States,IA
Media,United States,IL
Melbourne,United States,AR
Melrose,United States,FL
Melville,United States,LA
Memphis,United States,TN
Menands,United States,
Menifee,United States,AR
Menlo Park,United States,CA
Menomonee Falls,United States,WI
Menomonie,United States,WI
Mequon,United States,WI
Mercer Island,United States,WA
Meriden,United States,CT
Meridian,United States,CA
Merritt Island,United States,FL
Mesa,United States,AZ
Mesquite,United States,NM
Metairie,United States,LA
Methuen,United States,MA
Miami,United States,FL
Miami Beach,United States,FL
Miami Shores,United States,
Miamisburg,United States,OH
Middle River,United States,MD
Middle Village,United States,NY
Middletown,United States,CA
Midlothian,United States,IL
Milford,United States,CA
Mill Creek,United States,CA
Mill Valley,United States,CA
Millbrae,United States,CA
Milpitas,United States,CA
Milton,United States,DE
Milwaukee,United States,WI
Milwaukie,United States,
Minden,United States,IA
Minenapolis,United States,
Minneapolis,United States,MN
Minnetonka,United States,MN
Miramar,United States,
Mission,United States,KS
Mission Viejo,United States,CA
Missoula,United States,MT
Mobile,United States,AL
Mocksville,United States,NC
Modesto,United States,CA
Monarch Mill,United States,
Monroe,United States,AR
Monroeville,United States,AL
Monrovia,United States,CA
Montclair,United States,CA
Montebello,United States,CA
Monterey Park,United States,CA
Montgomery,United States,AL
Monticello,United States,AR
Montrose,United States,AL
Monument,United States,CO
Moon Township,United States,
Mooresville,United States,AL
Moreno Valley,United States,CA
Morgan Hill,United States,CA
Morganton,United States,GA
Morgantown,United States,IN
Morris Plains,United States,NJ
Morristown,United States,AZ
Morrisville,United States,MO
Morton Grove,United States,IL
Moscow,United States,AR
Moultonborough,United States,NH
Mound,United States,MN
Moundsville,United States,WV
Mount Dora,United States,FL
Mount Gilead,United States,NC
Mount Holly,United States,AR
Mount Juliet,United States,TN
Mount Pleasant,United States,AR
Mount Prospect,United States,IL
Mountain Home,United States,AR
Mountain View,United States,AR
Mountville,United States,PA
Mt Laurel,United States,
Mt Pleasant,United States,
Mt. Pleasant,United States,
Mukilteo,United States,WA
Mullins,United States,SC
Multi,United States,
Muncie,United States,IL
Munster,United States,IN
Murfreesboro,United States,AR
Murphy,United States,ID
Murrells Inlet,United States,SC
Murrieta,United States,CA
Myerstown,United States,PA
Myrtle Beach,United States,SC
NEW YORK,United States,NY
Nanuet,United States,NY
Napa,United States,CA
Naperville,United States,IL
Naples,United States,FL
Napoleonville,United States,LA
Narragansett,United States,RI
Nashua,United States,IA
Nashville,United States,TN
Neenah,United States,WI
Neptune Beach,United States,FL
Neptune City,United States,
Netcong,United States,NJ
New Bedford,United States,IL
New Berlin,United States,IL
New Bern,United States,NC
New Braunfels,United States,TX
New Britain,United States,CT
New Castle,United States,AL
New Freedom,United States,PA
New Hartford,United States,CT
New Hill,United States,NC
New Hyde Park,United States,NY
New Iberia,United States,LA
New Lenox,United States,IL
New London,United States,CT
New Orleans,United States,LA
New Port Richey,United States,FL
New Smyrna Beach,United States,FL
New Stanton,United States,PA
New York,United States,NY
New York City,United States,
"New York,",United States,NY
Newark,United States,NJ
Newberry,United States,FL
Newbury Park,United States,CA
Newburyport,United States,MA
Newhall,United States,CA
Newington,United States,CT
Newport,United States,AR
Newport Beach,United States,CA
Newport News,United States,VA
Newton,United States,AL
Newton Grove,United States,NC
Newtonville,United States,MA
Newville,United States,AL
Niles,United States,IL
Noblesville,United States,IN
Nocona,United States,TX
Norcross,United States,GA
Norfolk,United States,CT
Norman,United States,AR
North Adams,United States,MA
North Bend,United States,NE
North Bethesda,United States,
North Charleston,United States,SC
North Grafton,United States,MA
North Haven,United States,CT
North Highlands,United States,CA
North Hollywood,United States,CA
North Kansas City,United States,
North Las Vegas,United States,NV
North Little Rock,United States,AR
North Miami Beach,United States,FL
North Myrtle Beach,United States,SC
North Palm Beach,United States,FL
North Plainfield,United States,
North Tonawanda,United States,NY
North Wilkesboro,United States,NC
Northborough,United States,MA
Northbrook,United States,IL
Northford,United States,CT
Northlake,United States,
Northridge,United States,CA
Norwalk,United States,CA
Norwell,United States,MA
Norwood,United States,CO
Novato,United States,CA
Novi,United States,MI
Nutley,United States,NJ
O Fallon,United States,IL
OAKLAND,United States,CA
OMAHA,United States,NE
OWINGS MILLS,United States,MD
Oak Brook,United States,IL
Oak Lawn,United States,IL
Oak Ridge,United States,LA
Oakboro,United States,NC
Oakhurst,United States,CA
Oakland,United States,CA
Oakland Park,United States,
Oakton,United States,VA
Ocala,United States,FL
Ocean City,United States,MD
Oceanside,United States,CA
Ocoee,United States,FL
Odessa,United States,DE
Ogden,United States,AR
Ojai,United States,CA
Okeechobee,United States,FL
Oklahoma City,United States,OK
Olathe,United States,CO
Oldsmar,United States,FL
Oley,United States,PA
Olive Branch,United States,IL
Olivette,United States,
Olney,United States,IL
Olympia,United States,KY
Omaha,United States,NE
Onalaska,United States,TX
Onley,United States,VA
Ontario,United States,CA
Opa Locka,United States,FL
Oradell,United States,NJ
Orange,United States,CA
Orange City,United States,FL
Orange Park,United States,FL
Orangeburg,United States,NY
Oregon City,United States,OR
Oreland,United States,PA
Orem,United States,UT
Orland Park,United States,IL
Orlando,United States,FL
Ormond Beach,United States,FL
Oshkosh,United States,NE
Ossining,United States,NY
Oswego,United States,IL
Ottumwa,United States,IA
Overland Park,United States,KS
Oviedo,United States,FL
Owensboro,United States,KY
Oxford,United States,AL
Oxnard,United States,CA
Oyster Bay,United States,NY
PERRIS,United States,CA
PITTSBURGH,United States,PA
Pacific Palisades,United States,CA
Pacifica,United States,CA
Pahrump,United States,NV
Palatine,United States,IL
Palisades Park,United States,NJ
Palm Beach,United States,FL
Palm Beach Gardens,United States,FL
Palm City,United States,FL
Palm Desert,United States,CA
Palm Harbor,United States,FL
Palm Springs,United States,CA
Palmdale,United States,CA
Palmetto,United States,FL
Palo Alto,United States,CA
Palos Heights,United States,IL
Palos Hills,United States,IL
Panama City,United States,FL
Paoli,United States,CO
Paradise,United States,CA
Paramount,United States,CA
Paramus,United States,NJ
Park Ridge,United States,IL
Parker,United States,AZ
Parkersburg,United States,IA
Parrish,United States,AL
Parsippany,United States,NJ
Pasadena,United States,CA
Paso Robles,United States,CA
Patchogue,United States,NY
Paterson,United States,NJ
Peabody,United States,KS
Peachtree City,United States,GA
Pearland,United States,TX
Pell City,United States,AL
Pembroke,United States,GA
Pembroke Pines,United States,FL
Pendleton,United States,IN
Penn Wynne,United States,
Pennsauken Township,United States,
Pensacola,United States,FL
Peoria,United States,AZ
Perrine,United States,
Perris,United States,CA
Perry,United States,AR
Perth Amboy,United States,NJ
Petaluma,United States,CA
Phenix City,United States,AL
Philadelphia,United States,PA
Phoenix,United States,AZ
Pico Rivera,United States,CA
Piedmont,United States,AL
Pierre Part,United States,LA
Pilot Point,United States,AK
Pine Brook,United States,NJ
Pinecrest,United States,CA
Pinellas Park,United States,FL
Piscataway,United States,NJ
Pittsboro,United States,IN
Pittsburgh,United States,PA
Pittsford,United States,MI
Placentia,United States,CA
Placerville,United States,CA
Plainfield,United States,CT
Plainsboro,United States,NJ
Plainview,United States,AR
Plainville,United States,CT
Plano,United States,IA
Plant City,United States,FL
Plantation,United States,FL
Pleasant Hill,United States,CA
Pleasant Prairie,United States,WI
Pleasanton,United States,CA
Plymouth,United States,CA
Pomona,United States,CA
Pompano Beach,United States,FL
Pompton Lakes,United States,NJ
Ponte Vedra Beach,United States,FL
Pooler,United States,GA
Port Arthur,United States,TX
Port Charlotte,United States,FL
Port Chester,United States,NY
Port Hueneme,United States,CA
Port Orange,United States,FL
Port Orchard,United States,WA
Port Richey,United States,FL
Port Saint Joe,United States,FL
Port Saint Lucie,United States,FL
Port Washington,United States,NY
Portage,United States,IN
Porterville,United States,CA
Portland,United States,OR
Portsmouth,United States,IA
Post Falls,United States,ID
Potomac,United States,IL
Poughkeepsie,United States,AR
Poulsbo,United States,WA
Poway,United States,CA
Prairie Village,United States,KS
Prairieville,United States,LA
Prescott Valley,United States,AZ
Price,United States,MD
Princeton,United States,AL
Prior Lake,United States,MN
Providence,United States,KY
Provo,United States,UT
Pueblo,United States,CO
Punta Gorda,United States,FL
Purchase,United States,NY
Puyallup,United States,WA
Queen Creek,United States,AZ
Queens,United States,
Queens Village,United States,NY
Quincy,United States,CA
Quinton,United States,AL
Raceland,United States,LA
Raleigh,United States,NC
Rancho Cordova,United States,CA
Rancho Cucamonga,United States,CA
Rancho Mirage,United States,CA
Rancho Santa Margarita,United States,CA
Randolph,United States,AL
Rapid City,United States,MI
Raynham,United States,MA
Raytown,United States,
Reading,United States,KS
Redding,United States,CA
Redlands,United States,CA
Redmond,United States,OR
Redondo Beach,United States,CA
Redwood City,United States,CA
Reedsburg,United States,WI
Rego Park,United States,NY
Rehoboth Beach,United States,DE
Reidsville,United States,GA
Reno,United States,NV
Renton,United States,WA
Reseda,United States,CA
Reston,United States,VA
Rhinelander,United States,WI
Rialto,United States,CA
Rice Lake,United States,WI
Richardson,United States,TX
Richfield,United States,ID
Richland,United States,GA
Richmond,United States,CA
Richmond Heights,United States,
Ridgecrest,United States,CA
Ridgeway,United States,IA
Ridgewood,United States,NJ
Rim Forest,United States,
Rio Rancho,United States,NM
Riverdale,United States,CA
Riverhead,United States,NY
Riverside,United States,AL
Riverton,United States,CT
Riverview,United States,FL
Roanoke,United States,AL
Robbinsville,United States,NC
Rochester,United States,IL
Rock Hill,United States,NY
Rockford,United States,AL
Rockingham,United States,NC
Rocklin,United States,CA
Rockville,United States,IN
Rockwall,United States,TX
Rocky Mount,United States,MO
Rogers,United States,AR
Rohnert Park,United States,CA
Rolla,United States,KS
Rolling Hills Estates,United States,
Rolling Meadows,United States,IL
Romeoville,United States,IL
Romoland,United States,
Ronkonkoma,United States,NY
Rose Hill,United States,IA
Roseburg,United States,OR
Roseland,United States,FL
Roselle,United States,IL
Rosemead,United States,CA
Rosemont,United States,NJ
Rosenberg,United States,TX
Roseville,United States,CA
Roslyn,United States,NY
Roslyn Heights,United States,NY
Roswell,United States,GA
Round Rock,United States,AZ
Rowland Heights,United States,CA
Rowlett,United States,TX
Roxboro,United States,NC
Roxbury,United States,CT
Royal Oak,United States,MD
Ruffs Dale,United States,PA
Rumson,United States,NJ
Rural Hall,United States,NC
Ruskin,United States,FL
Rutherford,United States,CA
Rye,United States,CO
Rye Brook,United States,
SAINT LOUIS,United States,MI
SALT LAKE CITY,United States,UT
SECAUCUS,United States,NJ
Sacramento,United States,CA
Saint Augustine,United States,FL
Saint Charles,United States,AR
Saint Cloud,United States,FL
Saint Helena,United States,CA
Saint Johns,United States,AZ
Saint Joseph,United States,IL
Saint Leo,United States,FL
Saint Louis,United States,MI
Saint Paul,United States,AR
Saint Peters,United States,MO
Saint Petersburg,United States,FL
Salem,United States,AL
Salinas,United States,CA
Salisbury,United States,CT
Salt Lake City,United States,UT
Sammamish,United States,WA
San Angelo,United States,TX
San Antonio,United States,TX
San Bernardino,United States,CA
San Bruno,United States,CA
San Clemente,United States,CA
San Diego,United States,CA
San Dimas,United States,CA
San Fernando,United States,CA
San Francisco,United States,CA
San Gabriel,United States,CA
San Jose,United States,CA
San Juan Capistrano,United States,CA
San Leandro,United States,CA
San Luis Obispo,United States,CA
San Marcos,United States,CA
San Marino,United States,CA
San Mateo,United States,CA
San Rafael,United States,CA
San Ramon,United States,CA
San Ysidro,United States,CA
Sand City,United States,
Sandwich,United States,IL
Sandy,United States,OR
Sandy Springs,United States,SC
Sanford,United States,CO
Sanger,United States,CA
Santa Ana,United States,CA
Santa Barbara,United States,CA
Santa Clara,United States,CA
Santa Clarita,United States,CA
Santa Cruz,United States,CA
Santa Fe,United States,MO
Santa Fe Springs,United States,CA
Santa Maria,United States,CA
Santa Monica,United States,CA
Santa Paula,United States,CA
Santa Rosa,United States,CA
Santee,United States,CA
Sarasota,United States,FL
Saratoga,United States,AR
Saratoga Springs,United States,NY
Sausalito,United States,CA
Savannah,United States,GA
Scarborough,United States,ME
Scarsdale,United States,NY
Schaumburg,United States,IL
Schenectady,United States,NY
Schriever,United States,LA
Schuylkill Haven,United States,PA
Scotch Plains,United States,NJ
Scottsdale,United States,AZ
Sea Ranch Lakes,United States,
Sea Tac,United States,
Seabrook,United States,NH
Seal Beach,United States,CA
Seaside,United States,CA
Seattle,United States,WA
Sebastian,United States,FL
Sebastopol,United States,CA
Sebring,United States,FL
Secaucus,United States,NJ
Sedona,United States,AZ
Seffner,United States,FL
Seguin,United States,TX
Seminole,United States,AL
Senatobia,United States,MS
Seneca,United States,IL
Seven Hills,United States,
Sewickley,United States,PA
Seymour,United States,CT
Shafter,United States,CA
Shakopee,United States,MN
Shalimar,United States,FL
Shamokin,United States,PA
Sharonville,United States,
Shaver Lake,United States,CA
Shawano,United States,WI
Shawnee,United States,CO
Sheboygan,United States,WI
Shelby,United States,AL
Shelton,United States,CT
Sheridan,United States,AR
Sherman Oaks,United States,CA
Shirley,United States,AR
Shreveport,United States,LA
Shrewsbury,United States,MA
Sierra Madre,United States,CA
Sierra Vista,United States,AZ
Signal Hill,United States,CA
Silver Spring,United States,MD
Simi Valley,United States,CA
Simpsonville,United States,KY
Sioux City,United States,IA
Sioux Falls,United States,SD
Skokie,United States,IL
Slidell,United States,LA
Smokey Point,United States,
Smyrna,United States,DE
Snellville,United States,GA
Snohomish,United States,WA
Snoqualmie,United States,WA
Socorro,United States,NM
Solana Beach,United States,CA
Soledad,United States,CA
Solon,United States,IA
Somerset,United States,CA
Somerville,United States,AL
South Amboy,United States,NJ
South Daytona,United States,
South Jordan,United States,UT
South Lake Tahoe,United States,CA
South Pasadena,United States,CA
South Richmond Hill,United States,NY
South San Francisco,United States,CA
South Windsor,United States,CT
South Yarmouth,United States,MA
Southampton,United States,MA
Southborough,United States,MA
Southern Pines,United States,NC
Southlake,United States,TX
Sparks,United States,GA
Spartanburg,United States,SC
Speonk,United States,NY
Spindale,United States,NC
Spokane,United States,MO
Spokane Valley,United States,
Spring,United States,TX
Spring Hill,United States,FL
Spring Lake,United States,MI
Spring Valley,United States,CA
Springboro,United States,OH
Springfield,United States,AR
Springfield Township,United States,
Springville,United States,AL
Spruce Pine,United States,AL
St Helens,United States,
St Louis,United States,MO
St Paul,United States,
St Petersburg,United States,
St. Augustine,United States,
St. Bernard,United States,
St. Cloud,United States,
St. Louis,United States,MO
St. Paul,United States,
St. Petersburg,United States,
Stafford,United States,CT
Stamford,United States,CT
"Stamford, CT",United States,
Stanton,United States,AL
Star,United States,ID
Staten Island,United States,NY
Statesville,United States,NC
Staunton,United States,IL
Sterling,United States,AK
Stillwater,United States,ME
Stockbridge,United States,GA
Stockton,United States,CA
Stone Mountain,United States,GA
Stratham,United States,NH
Strathmore,United States,CA
Streamwood,United States,IL
Stuart,United States,FL
Studio City,United States,CA
Stuyvesant,United States,NY
Succasunna,United States,NJ
Sugar Land,United States,TX
Sullivan,United States,IL
Sulphur,United States,IN
Summerfield,United States,FL
Summerland,United States,CA
Summerville,United States,GA
Summit,United States,AR
Sumter,United States,SC
Sun City,United States,AZ
Sun City Center,United States,FL
Sun Valley,United States,AZ
Sunland,United States,CA
Sunnyside,United States,NY
Sunnyvale,United States,CA
Sunrise,United States,
Sunset Hills,United States,
Superior,United States,AZ
Supply,United States,NC
Surprise,United States,AZ
Sussex,United States,NJ
Sutton,United States,AK
Suwanee,United States,GA
Swampscott,United States,MA
Swansea,United States,MA
Sylmar,United States,CA
Sylvania,United States,AL
Syracuse,United States,IN
TBD,United States,
Tacoma,United States,WA
Taft,United States,CA
Tahoe City,United States,CA
Takoma Park,United States,MD
Tallahassee,United States,FL
Tallulah,United States,LA
Tamarac,United States,
Tampa,United States,FL
Tarpon Springs,United States,FL
Tarrytown,United States,GA
Tarzana,United States,CA
Taunton,United States,MA
Tavernier,United States,FL
Telluride,United States,CO
Temecula,United States,CA
Tempe,United States,AZ
Temple,United States,GA
Temple City,United States,CA
Temple Terrace,United States,
Tenafly,United States,NJ
Tequesta,United States,
Terre Haute,United States,IN
Terrell,United States,NC
Tewksbury,United States,MA
Texarkana,United States,AR
Texas City,United States,TX
The Villages,United States,FL
The Woodlands,United States,
Thibodaux,United States,LA
Thomasville,United States,AL
Thornton,United States,AR
Thousand Oaks,United States,CA
Thousand Palms,United States,CA
Tigard,United States,
Tijuana,United States,
Timonium,United States,
Tipton,United States,CA
Titusville,United States,FL
Tolland,United States,CT
Tolleson,United States,AZ
Toluca Lake,United States,CA
Tomball,United States,TX
Topsfield,United States,MA
Torrance,United States,CA
Totowa,United States,NJ
Towson,United States,MD
Tracy,United States,CA
Trenton,United States,AL
Troutman,United States,NC
Troy,United States,AL
Trumbull,United States,CT
Tualatin,United States,OR
Tuckasegee,United States,NC
Tucker,United States,AR
Tucson,United States,AZ
Tulare,United States,CA
Tulsa,United States,OK
Turlock,United States,CA
Tustin,United States,CA
Tyler,United States,AL
Tysons,United States,
Umatilla,United States,FL
Union,United States,IA
Union City,United States,CA
Uniondale,United States,IN
Uniontown,United States,AL
Upland,United States,CA
Urbandale,United States,IA
Uxbridge,United States,MA
VIRGINIA BEACH,United States,VA
Vacaville,United States,CA
Valdosta,United States,GA
Valencia,United States,CA
Vallejo,United States,CA
Valley City,United States,ND
Valley Springs,United States,AR
Van Nuys,United States,CA
Vancouver,United States,WA
Venice,United States,CA
Ventura,United States,CA
Vernon,United States,AL
Vernon Hills,United States,IL
Vero Beach,United States,FL
Vestavia Hills,United States,
Victorville,United States,CA
Vienna,United States,GA
Villa Park,United States,CA
Vineyard Haven,United States,MA
Virginia Beach,United States,VA
Visalia,United States,CA
Vista,United States,CA
Void,United States,
Voorhees Township,United States,
Wabash,United States,AR
Waco,United States,GA
Wade,United States,NC
Waipahu,United States,HI
Wake Forest,United States,NC
Wakefield,United States,KS
Waldorf,United States,MD
Walker,United States,IA
Walled Lake,United States,MI
Wallingford,United States,CT
Walnut Creek,United States,CA
Walnut Park,United States,
Waltham,United States,MA
Wantagh,United States,NY
Warner Robins,United States,GA
Warren,United States,AR
Warrendale,United States,PA
Warwick,United States,GA
Wasco,United States,CA
Washington,United States,AR
Washington D.C,United States,
Washington D.C.,United States,
Washington DC,United States,
Waterford,United States,CA
Watertown,United States,CT
Waukegan,United States,IL
Wausau,United States,FL
Wauwatosa,United States,
Wayne,United States,IL
Waynesboro,United States,GA
Waynesville,United States,GA
Wayzata,United States,MN
Webster,United States,FL
Weeki Wachee,United States,
Wellesley,United States,MA
Wellesley Hills,United States,MA
Wellington,United States,AL
Wentzville,United States,MO
West Bend,United States,IA
West Caldwell,United States,
West Chester,United States,IA
West Conshohocken,United States,
West Covina,United States,CA
West Des Moines,United States,IA
West Hartford,United States,CT
West Hempstead,United States,NY
West Hollywood,United States,CA
West Islip,United States,NY
West Jordan,United States,UT
West Lafayette,United States,IN
West Linn,United States,OR
West Los Angeles,United States,
West Melbourne,United States,
West New York,United States,NJ
West Orange,United States,NJ
West Palm Beach,United States,FL
West Roxbury,United States,MA
West Sacramento,United States,CA
West Saint Paul,United States,
West Valley City,United States,
West des Moines,United States,IA
Westborough,United States,MA
Westbury,United States,NY
Westchester,United States,IL
Western Springs,United States,IL
Westfield,United States,IA
Westford,United States,MA
Westlake,United States,LA
Westlake Village,United States,CA
Westminster,United States,CA
Westmont,United States,IL
Weston,United States,CO
Westport,United States,CA
Westwego,United States,LA
Westwood,United States,CA
Wethersfield,United States,CT
Wheat Ridge,United States,CO
Wheatland,United States,CA
Wheaton,United States,IL
Wheeling,United States,IL
White Bear Lake,United States,
White Plains,United States,GA
White Water,United States,
Whitefish Bay,United States,
Whitestone,United States,NY
Whiteville,United States,NC
Whiting,United States,IA
Whitinsville,United States,MA
Whitman,United States,MA
Whitmire,United States,SC
Whitsett,United States,NC
Whittier,United States,AK
Wichita,United States,KS
Wildomar,United States,CA
Wildwood,United States,FL
Wilkes-Barre,United States,
Williamsburg,United States,IA
Williamston,United States,MI
Willingboro,United States,NJ
Williston Park,United States,NY
Willowbrook,United States,IL
Wilmette,United States,IL
Wilmington,United States,CA
Wilson,United States,AR
Wilton,United States,AL
Winchester,United States,AR
Winchester (Earlstown),United States,
Winder,United States,GA
Windham,United States,CT
Windsor Mill,United States,MD
Winnetka,United States,CA
Winooski,United States,VT
Winston Salem,United States,NC
Winston-Salem,United States,
Winter Garden,United States,FL
Winter Park,United States,CO
Winter Springs,United States,FL
Winterville,United States,GA
Wofford Heights,United States,CA
Woodbridge,United States,CA
Woodbury,United States,CT
Woodcliff Lake,United States,NJ
Woodinville,United States,WA
Woodland Hills,United States,CA
Woodland Park,United States,CO
Woodridge,United States,IL
Woodruff,United States,AZ
Woodstock,United States,AL
Worcester,United States,MA
Worchester,United States,
Worthington,United States,IA
Wyckoff,United States,NJ
Yakima,United States,WA
Yardley,United States,
Yoakum,United States,TX
Yorba Linda,United States,CA
York,United States,AL
Yuba City,United States,CA
Yucaipa,United States,CA
Yucca Valley,United States,CA
Yukon,United States,MO
Zebulon,United States,GA
Zephyrhills,United States,FL
alvin,United States,IL
arlington,United States,TX
chicago,United States,IL
honolulu,United States,HI
new york,United States,NY
new york city,United States,
pittsburgh,United States,PA
plant city,United States,FL
silver spring,United States,MD
tampa,United States,FL
Aguadilla,United States,PR
Alameda,United States,CA
Alamogordo,United States,NM
Albuquerue,United States,
Algonquin,United States,IL
Allendale,United States,IL
Alma,United States,AR
Anaheim Hills,United States,
Antioch,United States,CA
Arden HIlls,United States,
Asbury Park,United States,NJ
Auburn Hills,United States,MI
Babcock Ranch,United States,
Ballston,United States,
Baytown,United States,TX
Bedminster,United States,NJ
Bee Cave,United States,
Belcrest,United States,
Belleair Bluffs,United States,
Bellingham,United States,MA
Belmar,United States,NJ
Belvedere Tiburon,United States,CA
Bensalem,United States,PA
Berkeley Heights,United States,NJ
Bethedsa,United States,
Bloomfield,United States,CT
Bonita,United States,CA
Bonney Lake,United States,WA
Brandywine,United States,MD
Bremen,United States,AL
Broadview,United States,IL
Bushnell,United States,FL
CHICAGO,United States,IL
Calabasas,United States,CA
Camden,United States,AL
Cameron Park,United States,
Cannonsburg,United States,MI
Canton,United States,CT
Cape Elizabeth,United States,ME
Carlisle,United States,AR
Catonsville,United States,MD
Champaign,United States,IL
Champions Gate,United States,
Chatham,United States,IL
Chesterbrook,United States,
Chico,United States,CA
Chino Hills,United States,CA
Citrus Heights,United States,CA
Clarendon Hills,United States,IL
Clarkston,United States,GA
Clearwater Beach,United States,FL
Cliffside Park,United States,NJ
Cloquet,United States,MN
Closter,United States,NJ
Coeur D Alene,United States,ID
Cohasset,United States,MA
Colmar Manor,United States,
Colonia,United States,NJ
Commerce Twp,United States,
Conifer,United States,CO
Conroe,United States,TX
Corinth,United States,KY
Cranberry Twp,United States,PA
Crestview,United States,FL
Crosslake,United States,MN
Crowley,United States,CO
DeSoto,United States,TX
Deerfield,United States,IL
Defuniak Springs,United States,FL
Delavan,United States,IL
Denton,United States,GA
Denville,United States,NJ
Depere,United States,
Derry,United States,NH
Des Peres,United States,
Destin,United States,FL
Detriot,United States,
Doylestown,United States,OH
Dunedin,United States,FL
Dunwoody,United States,
Duxbury,United States,MA
Eagle River,United States,AK
East Greenwich,United States,RI
East Hampton,United States,CT
East Lyme,United States,CT
East Orange,United States,NJ
East Rutherford,United States,NJ
East Windsor,United States,CT
Edinburg,United States,IL
El Monte,United States,CA
Elizabethville,United States,PA
Englewood Cliffs,United States,NJ
Ephrata,United States,PA
Evergreen,United States,AL
Fair Lawn,United States,NJ
Fair Oaks,United States,CA
Fallbrook,United States,CA
Falmouth,United States,IN
Festus,United States,MO
Forest Hills,United States,KY
Fox Lake,United States,IL
Fox Point,United States,
Fox River Grove,United States,IL
Freehold,United States,NJ
Freeport,United States,FL
Ft Mitchell,United States,KY
Ft Wayne,United States,
Ft. Worth,United States,
Garwood,United States,NJ
Glencoe,United States,AR
Glendale Heights,United States,IL
Glenside,United States,PA
Gloucester,United States,MA
Green Valley,United States,AZ
Greenbrae,United States,CA
Gretna,United States,FL
Grosse Pointe Farms,United States,
Gurnee,United States,IL
Hackettstown,United States,NJ
Hamden,United States,CT
Hammonton,United States,NJ
Hasbrouck Heights,United States,NJ
Havertown,United States,PA
Hazlet,United States,NJ
Heath,United States,MA
Hercules,United States,CA
Homosassa,United States,FL
Hudson,United States,CO
Industry,United States,IL
Inwood,United States,IA
Iron River,United States,MI
Irwin,United States,IA
JURUPA VALLEY,United States,
Joelton,United States,TN
Jonestown,United States,MS
Kahului,United States,HI
Kailua-Kona,United States,
Kapolei,United States,HI
Katonah,United States,NY
Kerman,United States,CA
Key Biscayne,United States,FL
La Place,United States,IL
Lacey,United States,WA
Lake Saint Louis,United States,MO
Lakeway,United States,
Land O' Lakes,United States,
Landing,United States,NJ
Liberty Lake,United States,WA
Libertyville,United States,IA
Lockport,United States,IL
Londonderry,United States,NH
Long Island City,United States,NY
Longmeadow,United States,MA
Longview,United States,IL
Lookout Mountain,United States,GA
Lutherville Timonium,United States,MD
Lyndhurst,United States,NJ
Lynwood,United States,CA
Macomb Twp,United States,
Macon,United States,GA
Malibu,United States,CA
Manhasset,United States,NY
Marblehead,United States,MA
Maryland Heights,United States,MO
Massapequa,United States,NY
Massillon,United States,OH
McAllen,United States,TX
Medfield,United States,MA
Mendham,United States,NJ
Merced,United States,CA
Merrill,United States,IA
Midland,United States,AR
Midvale,United States,ID
Minong,United States,WI
Monterey,United States,CA
Moorestown,United States,NJ
Moorpark,United States,CA
Mount Laurel,United States,NJ
Mount Vernon,United States,AL
Mt. Laurel,United States,
Murray,United States,IA
Mystic,United States,CT
Nazareth,United States,KY
Needham,United States,AL
New Albany,United States,IN
New Holland,United States,IL
Newnan,United States,GA
Newton Center,United States,MA
Niceville,United States,FL
Norco,United States,CA
North Arlington,United States,NJ
North Haledon,United States,
North Huntingdon,United States,
North Kingstown,United States,RI
North Oaks,United States,
Nottingham,United States,MD
Oakbrook Terrace,United States,
Ocean,United States,
Okahumpka,United States,FL
Okemos,United States,MI
Old Bridge,United States,NJ
Old Greenwich,United States,CT
Orinda,United States,CA
Oro Valley,United States,
Oroville,United States,CA
Owings Mills,United States,MD
Palm Bay,United States,FL
Palm Coast,United States,FL
Palos Verdes Estate,United States,
Panama City Beach,United States,FL
Panorama City,United States,CA
Park City,United States,KY
Pelham,United States,AL
Pharr,United States,TX
Pittsburg,United States,CA
Plymouth Meeting,United States,PA
Portola Valley,United States,CA
Pottsville,United States,AR
Prescott,United States,AR
Prosper,United States,TX
Quakertown,United States,NJ
Quarryville,United States,PA
RTP,United States,NC
Racine,United States,MN
Radnor,United States,OH
Ramona,United States,CA
Rancho Bernardo,United States,
Rancho Santa Fe,United States,CA
Randallstown,United States,MD
Red Bank,United States,NJ
Rincon,United States,GA
Ringwood,United States,IL
Ripon,United States,CA
Rockaway,United States,NJ
Rocky Hill,United States,CT
Round Lake Heights,United States,
Saco,United States,ME
San Carlos,United States,AZ
San Juan,United States,PR
San Pedro,United States,CA
Santa Rosa Beach,United States,FL
Savage,United States,MD
Schererville,United States,IN
Schnecksville,United States,PA
Scituate,United States,MA
Selma,United States,AL
Severna Park,United States,MD
Sharon,United States,CT
Sheboygan Falls,United States,WI
Shoreline,United States,
Siler City,United States,NC
Silverdale,United States,PA
Simsbury,United States,CT
Sisters,United States,OR
Somers,United States,CT
Sonoma,United States,CA
South Easton,United States,MA
South Jacksonville,United States,
South Milwaukee,United States,WI
South Ogden,United States,
Southfield,United States,MA
Spooner,United States,WI
Spring Grove,United States,IL
St Louis Park,United States,
St Pete Beach,United States,
St. Armands or Longboat Key?,United States,
St. Charles,United States,
Stanwood,United States,IA
State College,United States,PA
Stevens Point,United States,WI
Stevensville,United States,MD
Stirling,United States,NJ
Stratford,United States,CA
Street,United States,MD
Sudbury,United States,MA
Suffield,United States,CT
Suffolk,United States,VA
Sun City West,United States,AZ
Surfside Beach,United States,
Thomson,United States,GA
Toms River,United States,NJ
Topanga,United States,CA
Towaco,United States,NJ
Troy Hills,United States,
Truckee,United States,CA
Tukwila,United States,
Universal City,United States,CA
Upper Marlboro,United States,MD
Vail,United States,AZ
Various,United States,
Village of Oak Creek,United States,
Waconia,United States,MN
Wallington,United States,NJ
Wappingers Falls,United States,NY
Warner Robbins,United States,
Warrenville,United States,IL
Warrington,United States,PA
Washington Crossing,United States,PA
"Washington, DC",United States,
Watsonville,United States,CA
Waxahachie,United States,TX
"Weaverville,",United States,CA
West Allis,United States,
West Grove,United States,PA
Westerville,United States,NE
Wharton,United States,NJ
Whitehall,United States,MI
"Wilmington,",United States,CA
Wilsonville,United States,AL
Winter Haven,United States,FL
Wixom,United States,MI
Woodland,United States,AL
Wyomissing,United States,
Yorktown Heights,United States,NY
el segundo,United States,CA
san Antonio,United States,TX
ATLANTA,United States,GA
Acworth,United States,GA
Alburquerque,United States,
Amarillo,United States,TX
American Canyon,United States,CA
Anthem,United States,
Antigo,United States,WI
Apache Junction,United States,AZ
Atascadero,United States,CA
Atco,United States,NJ
Athens,United States,AL
Attica,United States,IN
Austell,United States,GA
Azusa,United States,CA
BOSTON,United States,MA
Battle Ground,United States,IN
Bayonet Point,United States,
Bell Gardens,United States,CA
Benton,United States,AR
Biloxi,United States,MS
Bremerton,United States,WA
Bristol,United States,CT
Brooksville,United States,FL
Buckeye,United States,AZ
Cabazon,United States,CA
Calimesa,United States,CA
Cambria,United States,CA
Cape Girardeau,United States,MO
Carnation,United States,WA
Casa Grande,United States,AZ
Casco,United States,ME
Castaic,United States,CA
Cayce,United States,SC
Century City,United States,
Colfax,United States,CA
Colonie,United States,
Colton,United States,CA
Crestview Hills,United States,
DEnver,United States,CO
Davie,United States,
Desert Hot Springs,United States,CA
Dyess AFB,United States,TX
Estero,United States,FL
Eustis,United States,FL
Evergreen Park,United States,IL
Exeter,United States,CA
Felton,United States,CA
Finksburg,United States,MD
Fort Stockton,United States,TX
Fowler,United States,CA
Ft. Lauderdale,United States,
Gig Harbor,United States,WA
Grafton,United States,IA
Gustine,United States,CA
Hales Corners,United States,WI
Happy Valley,United States,OR
Harbor City,United States,CA
Hawthorne,United States,CA
Hazlewood,United States,
Hermosa Beach,United States,CA
Hickory Creek,United States,
Hillsdale,United States,IL
Hillside,United States,CO
Homer Glen,United States,IL
Hortonville,United States,NY
Hurst,United States,IL
INDIANAPOLIS,United States,IN
Jessup,United States,MD
Jonesboro,United States,AR
Kenmore,United States,WA
Key West,United States,FL
King George,United States,VA
LOUISVILLE,United States,KY
Lake in the Hills,United States,IL
Lakeside Park,United States,
Landover,United States,
Las Vgas,United States,
Leitchfield,United States,KY
Lindsay,United States,CA
Linwood,United States,KS
Livonia,United States,LA
Loogootee,United States,IN
Loomis,United States,CA
Los Osos,United States,CA
MIAMI,United States,FL
Madison Heights,United States,MI
Marana,United States,AZ
Marcus Hook,United States,PA
Marina Del Rey,United States,CA
Medley,United States,
Miami Springs,United States,
"Middle River,",United States,MD
Mira Loma,United States,CA
Mission Hills,United States,CA
Missouri City,United States,MO
Monroe Township,United States,NJ
Moonachie,United States,NJ
Moraga,United States,CA
Mosinee,United States,WI
Mountain Lakes,United States,NJ
Multiple Projects,United States,
Mundelein,United States,IL
Muscatine,United States,IA
N Salt Lake City,United States,
NW,United States,
Nampa,United States,ID
Navarre,United States,FL
Nevada City,United States,CA
New Buffalo,United States,MI
New Caney,United States,TX
New Holstein,United States,WI
Newtown,United States,CT
Niagara Falls,United States,NY
Norridge,United States,
North Carolina,United States,
North Fort Myers,United States,FL
North Miami,United States,OK
North Richland Hills,United States,TX
Oak Harbor,United States,OH
Oak Park Heights,United States,
Oconto Falls,United States,WI
Old Lyme,United States,CT
Orangevale,United States,CA
Orleans,United States,CA
Palatka,United States,FL
Palos Verdes Estates,United States,
Paradise Valley,United States,AZ
Pasco,United States,WA
Pawleys Island,United States,SC
Peshtigo,United States,WI
Pikeville,United States,KY
Pine Bluff,United States,AR
Pine Castle,United States,
Pine Valley,United States,CA
Pinole,United States,CA
Playa Vista,United States,CA
Pleasant Grove,United States,AL
Quil Ceda Village,United States,
Rancho Mission Viejo,United States,
Red Bluff,United States,CA
Reedley,United States,CA
Rensselaer,United States,IN
Richland Center,United States,WI
Rockledge,United States,FL
Rome,United States,GA
SAN JOSE,United States,CA
SE Washington,United States,
Saint Louis Park,United States,MN
Saint Pete Beach,United States,
Scotts Valley,United States,CA
SeaTac,United States,
Sedro Woolley,United States,WA
Shavano Park,United States,
Shelbyville,United States,IL
Shenandoah,United States,IA
Shepherdsville,United States,KY
Sherwood,United States,AR
Shorewood,United States,IL
Signal Mountain,United States,TN
Snohomish County,United States,
Sonora,United States,CA
South Gate,United States,CA
Southbury,United States,CT
St. Louis Park,United States,
Stoneham,United States,CO
Stow,United States,MA
TAMPA,United States,FL
Tinley Park,United States,IL
Topeka,United States,IL
Travelers Rest,United States,SC
Tupelo,United States,AR
Union Gap,United States,
Victoria,United States,IL
Vincennes,United States,IN
Vineland,United States,NJ
Voorhees,United States,NJ
Waldwick,United States,NJ
Wall Township,United States,
Walnut,United States,CA
Warrensburg,United States,IL
Waterbury,United States,CT
Waukesha,United States,WI
Wautoma,United States,WI
Wesley Chapel,United States,FL
Westbrook,United States,CT
Whitestown,United States,IN
Windsor,United States,CA
Winters,United States,CA
Wynnewood,United States,OK
denver,United States,CO
washington,United States,AR
washington dc,United States,
