Table,Upstream Sources,Downstream Dependencies,Description
accountbalances,None,None,None
accounthierarchy,None,None,None
accountledger,None,None,None
accountmaster,None,None,None
accountmastercategory,None,None,None
accountpayableledger,None,None,None
action,None,None,None
address,None,None,None
addresstosmartzone,None,None,None
adl_active_pipeline_snapshot_silver,None,None,None
adl_bookings_detail_silver,None,None,None
adl_bookings_summary_silver,None,None,None
adl_netsuite_booking_silver,None,None,None
adl_netsuite_net_revenue_retention_silver,None,None,None
adl_netsuite_revenue_silver,None,None,None
adl_pipeline_silver,None,None,None
adl_pipeline_walk_dssf_silver,None,None,None
altchartofaccounts,None,None,None
alternateaccount,None,None,None
alternatebusinessunit,None,None,None
annualcost,None,None,None
answer,None,None,None
approvaltemplate,None,None,None
areaemployeestatistics,None,None,None
asset,None,None,None
assetattributes,None,None,None
assetattributestemplates,None,None,None
assetlog,None,None,None
assignments,None,None,None
assumptions,None,None,None
auditeecustomfield,None,None,None
auditlosttime,None,None,None
autodispatch,None,None,None
bid,None,None,None
billingevent,None,None,None
billingeventitem,None,None,None
budget_opportunity,None,None,None
budget_projects,None,None,None
budgetchange,None,None,None
budgetdetail,None,None,None
budgetforecast,None,None,None
businessunit,None,None,None
businessunitcategory,None,None,None
businessunitsmasterproperty,None,None,None
businessunittag,None,None,None
busline,None,None,None
cad_simulationdm,None,None,None
case,None,None,None
changerequest,None,None,None
colb_wdgemvw,None,None,None
colb_wdleaseareacategory,None,None,None
colb_wdleasecostcategory,None,None,None
colb_wdleaseeventcategory,None,None,None
colb_wdoscrevw,None,None,None
colb_wdspacetypeoscremappingvw,None,None,None
commercialcontract,None,None,None
commissions,None,None,None
commitment,None,None,None
commitmentchanges,None,None,None
companybusinessunit,None,None,None
companyclient,None,None,None
companyclientextended,None,None,None
companycontact,None,None,None
companycustomfms,None,None,None
companyextended,None,None,None
companyorganisation,None,None,None
companyorganisationassignment,None,None,None
companyorganisationassignmentcustomfms,None,None,None
companyorganisationcustomfms,None,None,None
companysourcesystemrelationship,None,None,None
contactextended,None,None,None
contract,None,None,None
conversionunit,None,None,None
costcentre,None,None,None
costmetrics,None,None,None
costsave,None,None,None
costtype,None,None,None
cs_employee,None,None,None
currencyexchangerate,None,None,None
customattribute,None,None,None
customer,None,None,None
customergroups,None,None,None
customergroupslinkage,None,None,None
customfield,None,None,None
customvalue,None,None,None
datefiscalpatterns,None,None,None
dealdetails,None,None,None
directorycontactprojectlnk,None,None,None
document,None,None,None
dssf_invoice_details,None,None,None
dssf_opplineitem_processed,None,None,None
dssf_opportunity_processed,None,None,None
dssf_report_project,None,None,None
electronicaddress,None,None,None
employeefuturemove,None,None,None
employeefuturemovecustomfms,None,None,None
employeehistoricmove,None,None,None
employeehistoricmovecustomfms,None,None,None
enhancementrequest,None,None,None
equipment,None,None,None
equipmentrefrigerantlog,None,None,None
execsummary,None,None,None
externalemployee,None,None,None
externalemployeecustomfms,None,None,None
externalemployeespacerelationship,None,None,None
externalemployeespacerelationshipcustomfms,None,None,None
externalemployeezonerelationship,None,None,None
floors,None,None,None
floorscustomfms,None,None,None
game_account_list,None,None,None
game_account_strategy,None,None,None
game_action_plans,None,None,None
game_client_contacts,None,None,None
game_client_drivers,None,None,None
game_client_engagement,None,None,None
game_clientmarketintelligence,None,None,None
game_contracts,None,None,None
game_growth_plans,None,None,None
game_kpi_module,None,None,None
game_momentum_dq_scores,None,None,None
game_risk_register,None,None,None
game_strengths_weaknesses,None,None,None
game_support_required,None,None,None
game_value_add,None,None,None
generictask,None,None,None
glrecringevents,None,None,None
glrecurringevents,None,None,None
groupcustomfield,None,None,None
grouphierarchy,None,None,None
grouplocation,None,None,None
groups,None,None,None
headdeskinformation,None,None,None
heldorders,None,None,None
historicalsnapshot_hcart_trainingactivity,None,None,None
historicalsnapshot_leaseadminclientkpi,None,None,None
historicalsnapshot_leaseadminclientstats,None,None,None
historicalsnapshot_leaseadmincontractatributes,None,None,None
historicalsnapshot_leaseadmincontracts,None,None,None
historicalsnapshot_leaseadmincounts,None,None,None
historicalsnapshot_leaseadmingloballaborallocations,None,None,None
historicalsnapshot_op_clientattributesclean,None,None,None
historicalsnapshot_op_clientclean,None,None,None
hnsreport,None,None,None
hrhistdata,None,None,None
hsseassurance,None,None,None
incident,None,None,None
incidentactivitylog,None,None,None
incidentclasscategory,None,None,None
incidentcorrectiveaction,None,None,None
incidentsitehours,None,None,None
incidenttask,None,None,None
inspection,None,None,None
inspectionmembers,None,None,None
inspectiontemplates,None,None,None
intensitytargets,None,None,None
inventory,None,None,None
inventorytransaction,None,None,None
invoice,None,None,None
issue,None,None,None
items,None,None,None
jll1_acnt_teammember_view,None,None,None
jll1_opp_teammember_view,None,None,None
jll1_opportunity_lineitem_view,None,None,None
jobtitle,None,None,None
laborforcestatistics,None,None,None
lease,None,None,None
leaseabstractdiscrepancy,None,None,None
leaseadmin_fin_exposure,None,None,None
leaseadmin_pops_kpi,None,None,None
leaseadmin_pops_stats,None,None,None
leaseadmin_renewal,None,None,None
leaseadminclientatributes,None,None,None
leaseadminclientkpi,None,None,None
leaseadminclients,None,None,None
leaseadminclientstats,None,None,None
leaseadmincontractatributes,None,None,None
leaseadmincontracts,None,None,None
leaseadmincounts,None,None,None
leaseadmingloballaborallocations,None,None,None
leaseadminusers,None,None,None
leaseallowance,None,None,None
leaseareadetail,None,None,None
leaseclauses,None,None,None
leaseclientspecificdata,None,None,None
leasecnctbycmpny,None,None,None
leasecondition,None,None,None
leaseconfiguration,None,None,None
leasecontact,None,None,None
leasecontactsbycompany,None,None,None
leasecost,None,None,None
leaseevents,None,None,None
leaseinvoicedpayments,None,None,None
leaselabels,None,None,None
leasenotes,None,None,None
leaseparking,None,None,None
leaserepairsmaintenance,None,None,None
leases,None,None,None
leasesecuritydeposits,None,None,None
leasetermandflexibility,None,None,None
leaseutilizations,None,None,None
locations,None,None,None
marketfavourability,None,None,None
mau_workorders,None,None,None
meeting,None,None,None
milestone,None,None,None
negotiatedfinancials,None,None,None
netsuite_booking,None,None,None
netsuite_customer_sales,None,None,None
netsuite_customers_list,None,None,None
netsuite_open_sales_order,None,None,None
netsuite_overdue_customers_list,None,None,None
netsuite_revenue,None,None,None
netsuite_revenue_recognition_detail,None,None,None
netsuite_revenue_recognition_summary,None,None,None
netsuite_transaction,None,None,None
netsuite_transactionline,None,None,None
nonlaborresource,None,None,None
nonlaborresourcelnks,None,None,None
nonlaborresourcestimephasedcost,None,None,None
op_clientattributesclean,None,None,None
op_clientclean,None,None,None
op_clients,None,None,None
op_clients_attributes,None,None,None
op_users,None,None,None
opexrecon,None,None,None
opportunity_projects,None,None,None
oval_clientplus,None,None,None
oval_vwcompanies,None,None,None
oval_vwparentcompanies,None,None,None
oval_vwrequests,None,None,None
oval_vwusage,None,None,None
oval_vwuser,None,None,None
oval_vwvariations,None,None,None
partyinvolved,None,None,None
payments,None,None,None
paymentsdetail,None,None,None
paymentsterms,None,None,None
pds_wd_accountlist,None,None,None
phub_client,None,None,None
phub_criticalenvironmentdetailsdatacenter,None,None,None
phub_oneviewclientproperty,None,None,None
phub_ovcpservices,None,None,None
pipeline,None,None,None
pipeline_snapshot,None,None,None
pmrmcost,None,None,None
pmrmprocedure,None,None,None
pmrmreqdocuments,None,None,None
pmrmschedule,None,None,None
pmrmscheduleevent,None,None,None
pmrmworkdescription,None,None,None
portfolio,None,None,None
portfolioproperty,None,None,None
practice,None,None,None
pricelistitem,None,None,None
priorities,None,None,None
procedure,None,None,None
procedurestep,None,None,None
proceduretemplate,None,None,None
product,None,None,None
productproforma,None,None,None
program,None,None,None
project,None,None,None
project_history,None,None,None
project_snapshot,None,None,None
projectadditionalcustomfield,None,None,None
projectsites,None,None,None
projectstatsindicator,None,None,None
property,None,None,None
property_archibus,None,None,None
property_clarizen,None,None,None
property_corrigo,None,None,None
property_crem,None,None,None
property_fms,None,None,None
property_ingenious,None,None,None
property_nonovla,None,None,None
property_ovla,None,None,None
property_propertyhub,None,None,None
property_tririga,None,None,None
propertycustom,None,None,None
propertycustomfms,None,None,None
propertyextended,None,None,None
propertyhub_workday_xref,None,None,None
propertyresponsibilites,None,None,None
propertysourcesystemrelationship,None,None,None
proposal,None,None,None
proposalitem,None,None,None
punchitemmember,None,None,None
punchlistitem,None,None,None
purchaseorderdetail,None,None,None
purchaseorderheader,None,None,None
purchaseorderreceiver,None,None,None
quotes,None,None,None
ratioconfiguration,None,None,None
relatedworkitem,None,None,None
rents,None,None,None
reqdocumenttype,None,None,None
requestor,None,None,None
revenuecost,None,None,None
risk,None,None,None
riskcontact,None,None,None
riskmembers,None,None,None
rltimephase,None,None,None
roompercentages,None,None,None
saferlearning,None,None,None
safertogethertoday,None,None,None
savings,None,None,None
scanneddocument,None,None,None
securitydeposit,None,None,None
services,None,None,None
severity,None,None,None
sites,None,None,None
sitescustomfms,None,None,None
solutions_seller_experience,None,None,None
solutions_tracking_metrics,None,None,None
space,None,None,None
space_inv_fact_series_vw,None,None,None
space_inv_fact_vw,None,None,None
spacecustomfms,None,None,None
spacestandardscustomfms,None,None,None
spacetypescustomfms,None,None,None
spacezoneassignment,None,None,None
specialevents,None,None,None
spenditems,None,None,None
spendrole,None,None,None
staffingdetailedinformation,None,None,None
staffinginformation,None,None,None
subunitinformation,None,None,None
suppliermaster,None,None,None
survey,None,None,None
sustainability,None,None,None
tags,None,None,None
task,None,None,None
taskapprovals,None,None,None
team,None,None,None
teamuser,None,None,None
teamuser_backup_20251114_170826,None,None,None
testleasecost,None,None,None
timecard,None,None,None
tm_child_tracker,None,None,None
tm_parent_tracker,None,None,None
trackingworksheet,None,None,None
transactioncomments,None,None,None
transactiondocuments,None,None,None
transactionrelation,None,None,None
transactionrelation_red,None,None,None
transactionsteps,None,None,None
transactionuserdefined,None,None,None
udfsetreference,None,None,None
udfvaluereference,None,None,None
usagemetrics,None,None,None
userdefinedcodes,None,None,None
usergroup,None,None,None
userlibrary,None,None,None
userrole,None,None,None
userroletask,None,None,None
users,None,None,None
utilitymeasures,None,None,None
utilization,None,None,None
vendorextended,None,None,None
vendorinsurance,None,None,None
vw_boa_pricelist_cbre,None,None,None
vw_boa_pricelist_cw,None,None,None
vw_boa_pricelist_jll,None,None,None
vw_corrigo_wpm,None,None,None
vw_propertycustom_propertyhub,None,None,None
vw_sp_commercial_site,None,None,None
vw_sp_commercial_terms,None,None,None
vw_tmessentials_mkt_fvrablty_clk,None,None,None
vw_utilization_bagdedata_demand,None,None,None
vw_utilization_bagdedata_supply,None,None,None
vw_utilization_portfolio_analytics,None,None,None
vwleaseadminfinal,None,None,None
wd_transaction,None,None,None
wdaudit,None,None,None
workcalendar,None,None,None
workfloworderdetail,None,None,None
workitem,None,None,None
workorder,None,None,None
workorderitems,None,None,None
workorderreqdocuments,None,None,None
workordersassetworkedon,None,None,None
workordertelemtry,None,None,None
workorderverification,None,None,None
zones,None,None,None
zonescustomfms,None,None,None
zonesscope,None,None,None
